{
  "fps": 30,
  "hop_s": 0.03333333333333333,
  "n_frames": 33,
  "duration_s": 1.068125,
  "timecode_start_s": 0,
  "env_rms": [
    0,
    0,
    0.000184,
    0.072482,
    0.161838,
    0.213169,
    0.785655,
    0.998171,
    1,
    0.865499,
    0.839771,
    0.701029,
    0.697059,
    0.753552,
    0.889802,
    0.490156,
    0.267313,
    0.09388,
    0.017967,
    0.005492,
    0.004021,
    0.002115,
    0.001195,
    0.000934,
    0.000886,
    0.000746,
    0.000382,
    0.000019,
    0,
    0,
    0,
    0,
    0
  ],
  "env_peak": [
    0,
    0,
    0.000605,
    0.096458,
    0.15095,
    0.236535,
    0.908194,
    0.892993,
    1,
    0.926614,
    0.917206,
    0.898911,
    0.861869,
    0.889405,
    0.863621,
    0.699049,
    0.443072,
    0.185078,
    0.028892,
    0.009199,
    0.006988,
    0.004381,
    0.002024,
    0.001356,
    0.001064,
    0.00098,
    0.000626,
    0.000063,
    0,
    0,
    0,
    0,
    0
  ]
}